fichier,simulateur_type,schema_added,already_present,head_tag_found
aah\index.html,APL,NON,OUI,OUI
aah.html,APL,NON,OUI,OUI
aide\aide-financiere-famille\index.html,APL,NON,OUI,OUI
aide\aide-financiere-famille.html,APL,NON,OUI,OUI
aide\aide-logement-proprietaire\index.html,APL,NON,OUI,OUI
aide\aide-logement-proprietaire.html,APL,NON,OUI,OUI
aide\aide-sociale-simulation-globale\index.html,APL,NON,OUI,OUI
aide\aide-sociale-simulation-globale.html,APL,NON,OUI,OUI
aide\aides-etudiants\index.html,APL,NON,OUI,OUI
aide\aides-etudiants.html,APL,NON,OUI,OUI
aide\aides-jeunes-actifs\index.html,APL,NON,OUI,OUI
aide\aides-jeunes-actifs.html,APL,NON,OUI,OUI
aide\aides-retraites\index.html,APL,OUI,NON,OUI
aide\aides-retraites.html,APL,OUI,NON,OUI
aide\allocation-logement-simulation\index.html,APL,NON,OUI,OUI
aide\allocation-logement-simulation.html,APL,NON,OUI,OUI
aide\cumul-aides-sociales\index.html,APL,NON,OUI,OUI
aide\cumul-aides-sociales.html,APL,NON,OUI,OUI
aide\index.html,APL,NON,OUI,OUI
aide\quelles-aides-ai-je-droit\index.html,APL,OUI,NON,OUI
aide\quelles-aides-ai-je-droit.html,APL,OUI,NON,OUI
aide\simulation-aides-caf\index.html,APL,NON,OUI,OUI
aide\simulation-aides-caf.html,APL,NON,OUI,OUI
apl\apl-colocation\index.html,APL,NON,OUI,OUI
apl\apl-colocation.html,APL,NON,OUI,OUI
apl\apl-proprietaire-ai-je-droit\index.html,APL,NON,OUI,OUI
apl\apl-proprietaire-ai-je-droit.html,APL,NON,OUI,OUI
apl\apl-refusee-que-faire\index.html,APL,NON,OUI,OUI
apl\apl-refusee-que-faire.html,APL,NON,OUI,OUI
apl\comment-savoir-si-un-logement-est-eligible-aux-apl\index.html,APL,NON,OUI,OUI
apl\comment-savoir-si-un-logement-est-eligible-aux-apl.html,APL,NON,OUI,OUI
apl\index.html,APL,NON,OUI,OUI
apl\quelles-ressources-pour-l-apl\index.html,APL,NON,OUI,OUI
apl\quelles-ressources-pour-l-apl.html,APL,NON,OUI,OUI
apl-dom-tom.html,APL,NON,OUI,OUI
apl-etudiant.html,APL,NON,OUI,OUI
apl-zones.html,APL,NON,OUI,OUI
apl.html,APL,NON,OUI,OUI
are\index.html,APL,NON,OUI,OUI
are.html,APL,NON,OUI,OUI
asf\index.html,APL,NON,OUI,OUI
asf.html,APL,NON,OUI,OUI
blog\departements\frais-notaire-01.html,APL,NON,OUI,OUI
blog\departements\frais-notaire-02.html,APL,NON,OUI,OUI
blog\departements\frais-notaire-03.html,APL,NON,OUI,OUI
blog\departements\frais-notaire-04.html,APL,NON,OUI,OUI
blog\departements\frais-notaire-05.html,APL,NON,OUI,OUI
blog\departements\frais-notaire-06.html,APL,NON,OUI,OUI
blog\departements\frais-notaire-07.html,APL,NON,OUI,OUI
blog\departements\frais-notaire-08.html,APL,NON,OUI,OUI
blog\departements\frais-notaire-09.html,APL,NON,OUI,OUI
blog\departements\frais-notaire-10.html,APL,NON,OUI,OUI
blog\departements\frais-notaire-11.html,APL,NON,OUI,OUI
blog\departements\frais-notaire-12.html,APL,NON,OUI,OUI
blog\departements\frais-notaire-13.html,APL,NON,OUI,OUI
blog\departements\frais-notaire-14.html,APL,NON,OUI,OUI
blog\departements\frais-notaire-15.html,APL,NON,OUI,OUI
blog\departements\frais-notaire-16.html,APL,NON,OUI,OUI
blog\departements\frais-notaire-17.html,APL,NON,OUI,OUI
blog\departements\frais-notaire-18.html,APL,NON,OUI,OUI
blog\departements\frais-notaire-19.html,APL,NON,OUI,OUI
blog\departements\frais-notaire-21.html,APL,NON,OUI,OUI
blog\departements\frais-notaire-22.html,APL,NON,OUI,OUI
blog\departements\frais-notaire-23.html,APL,NON,OUI,OUI
blog\departements\frais-notaire-24.html,APL,NON,OUI,OUI
blog\departements\frais-notaire-25.html,APL,NON,OUI,OUI
blog\departements\frais-notaire-26.html,APL,NON,OUI,OUI
blog\departements\frais-notaire-27.html,APL,NON,OUI,OUI
blog\departements\frais-notaire-28.html,APL,NON,OUI,OUI
blog\departements\frais-notaire-29.html,APL,NON,OUI,OUI
blog\departements\frais-notaire-2A.html,APL,NON,OUI,OUI
blog\departements\frais-notaire-2B.html,APL,NON,OUI,OUI
blog\departements\frais-notaire-30.html,APL,NON,OUI,OUI
blog\departements\frais-notaire-31.html,APL,NON,OUI,OUI
blog\departements\frais-notaire-32.html,APL,NON,OUI,OUI
blog\departements\frais-notaire-33.html,APL,NON,OUI,OUI
blog\departements\frais-notaire-34.html,APL,NON,OUI,OUI
blog\departements\frais-notaire-35.html,APL,NON,OUI,OUI
blog\departements\frais-notaire-36.html,APL,NON,OUI,OUI
blog\departements\frais-notaire-37.html,APL,NON,OUI,OUI
blog\departements\frais-notaire-38.html,APL,NON,OUI,OUI
blog\departements\frais-notaire-39.html,APL,NON,OUI,OUI
blog\departements\frais-notaire-40.html,APL,NON,OUI,OUI
blog\departements\frais-notaire-41.html,APL,NON,OUI,OUI
blog\departements\frais-notaire-42.html,APL,NON,OUI,OUI
blog\departements\frais-notaire-43.html,APL,NON,OUI,OUI
blog\departements\frais-notaire-44.html,APL,NON,OUI,OUI
blog\departements\frais-notaire-45.html,APL,NON,OUI,OUI
blog\departements\frais-notaire-46.html,APL,NON,OUI,OUI
blog\departements\frais-notaire-47.html,APL,NON,OUI,OUI
blog\departements\frais-notaire-48.html,APL,NON,OUI,OUI
blog\departements\frais-notaire-49.html,APL,NON,OUI,OUI
blog\departements\frais-notaire-50.html,APL,NON,OUI,OUI
blog\departements\frais-notaire-51.html,APL,NON,OUI,OUI
blog\departements\frais-notaire-52.html,APL,NON,OUI,OUI
blog\departements\frais-notaire-53.html,APL,NON,OUI,OUI
blog\departements\frais-notaire-54.html,APL,NON,OUI,OUI
blog\departements\frais-notaire-55.html,APL,NON,OUI,OUI
blog\departements\frais-notaire-56.html,APL,NON,OUI,OUI
blog\departements\frais-notaire-57.html,APL,NON,OUI,OUI
blog\departements\frais-notaire-58.html,APL,NON,OUI,OUI
blog\departements\frais-notaire-59.html,APL,NON,OUI,OUI
blog\departements\frais-notaire-60.html,APL,NON,OUI,OUI
blog\departements\frais-notaire-61.html,APL,NON,OUI,OUI
blog\departements\frais-notaire-62.html,APL,NON,OUI,OUI
blog\departements\frais-notaire-63.html,APL,NON,OUI,OUI
blog\departements\frais-notaire-64.html,APL,NON,OUI,OUI
blog\departements\frais-notaire-65.html,APL,NON,OUI,OUI
blog\departements\frais-notaire-66.html,APL,NON,OUI,OUI
blog\departements\frais-notaire-67.html,APL,NON,OUI,OUI
blog\departements\frais-notaire-68.html,APL,NON,OUI,OUI
blog\departements\frais-notaire-69.html,APL,NON,OUI,OUI
blog\departements\frais-notaire-70.html,APL,NON,OUI,OUI
blog\departements\frais-notaire-71.html,APL,NON,OUI,OUI
blog\departements\frais-notaire-72.html,APL,NON,OUI,OUI
blog\departements\frais-notaire-73.html,APL,NON,OUI,OUI
blog\departements\frais-notaire-74.html,APL,NON,OUI,OUI
blog\departements\frais-notaire-75.html,APL,NON,OUI,OUI
blog\departements\frais-notaire-76.html,APL,NON,OUI,OUI
blog\departements\frais-notaire-77.html,APL,NON,OUI,OUI
blog\departements\frais-notaire-78.html,APL,NON,OUI,OUI
blog\departements\frais-notaire-79.html,APL,NON,OUI,OUI
blog\departements\frais-notaire-80.html,APL,NON,OUI,OUI
blog\departements\frais-notaire-81.html,APL,NON,OUI,OUI
blog\departements\frais-notaire-82.html,APL,NON,OUI,OUI
blog\departements\frais-notaire-83.html,APL,NON,OUI,OUI
blog\departements\frais-notaire-84.html,APL,NON,OUI,OUI
blog\departements\frais-notaire-85.html,APL,NON,OUI,OUI
blog\departements\frais-notaire-86.html,APL,NON,OUI,OUI
blog\departements\frais-notaire-87.html,APL,NON,OUI,OUI
blog\departements\frais-notaire-88.html,APL,NON,OUI,OUI
blog\departements\frais-notaire-89.html,APL,NON,OUI,OUI
blog\departements\frais-notaire-90.html,APL,NON,OUI,OUI
blog\departements\frais-notaire-91.html,APL,NON,OUI,OUI
blog\departements\frais-notaire-92.html,APL,NON,OUI,OUI
blog\departements\frais-notaire-93.html,APL,NON,OUI,OUI
blog\departements\frais-notaire-94.html,APL,NON,OUI,OUI
blog\departements\frais-notaire-95.html,APL,NON,OUI,OUI
blog\departements\frais-notaire-971.html,APL,NON,OUI,OUI
blog\departements\frais-notaire-972.html,APL,NON,OUI,OUI
blog\departements\frais-notaire-973.html,APL,NON,OUI,OUI
blog\departements\frais-notaire-974.html,APL,NON,OUI,OUI
blog\departements\frais-notaire-975.html,APL,NON,OUI,OUI
blog\departements\frais-notaire-976.html,APL,NON,OUI,OUI
blog\export-pdf-calculateurs.html,APL,NON,OUI,OUI
blog\frais-notaire-ancien-neuf-2026.html,APL,NON,OUI,OUI
blog\frais-notaire-departements.html,APL,NON,OUI,OUI
blog\inflation-cout-vie-2026.html,APL,NON,OUI,OUI
blog\revalorisation-smic-2026.html,APL,NON,OUI,OUI
blog\salarie-ou-auto-entrepreneur-2026.html,APL,NON,OUI,OUI
blog.html,APL,NON,OUI,OUI
charges\index.html,APL,NON,OUI,OUI
charges.html,APL,NON,OUI,OUI
comment-calculer-frais-notaire.html,APL,NON,OUI,OUI
comment-calculer-plus-value.html,APL,NON,OUI,OUI
crypto-bourse.html,APL,NON,OUI,OUI
financement\index.html,APL,NON,OUI,OUI
financement.html,APL,NON,OUI,OUI
ik\index.html,APL,NON,OUI,OUI
ik.html,APL,NON,OUI,OUI
impot\calcul-impot-sur-le-revenu\index.html,APL,NON,OUI,OUI
impot\calcul-impot-sur-le-revenu.html,APL,NON,OUI,OUI
impot\charges-deductibles-des-impots\index.html,APL,NON,OUI,OUI
impot\charges-deductibles-des-impots.html,APL,NON,OUI,OUI
impot\heures-supplementaires-comment-les-calculer\index.html,APL,NON,OUI,OUI
impot\heures-supplementaires-comment-les-calculer.html,APL,NON,OUI,OUI
impot\impot-auto-entrepreneur\index.html,APL,NON,OUI,OUI
impot\impot-auto-entrepreneur.html,APL,NON,OUI,OUI
impot\impot-couple-ou-separe\index.html,APL,NON,OUI,OUI
impot\impot-couple-ou-separe.html,APL,NON,OUI,OUI
impot\indemnites-kilometriques-calcul\index.html,APL,NON,OUI,OUI
impot\indemnites-kilometriques-calcul.html,APL,NON,OUI,OUI
impot\index.html,APL,NON,OUI,OUI
impot\revenu-fiscal-de-reference-definition\index.html,APL,NON,OUI,OUI
impot\revenu-fiscal-de-reference-definition.html,APL,NON,OUI,OUI
impot\simulateur-impots-gratuit-a-quoi-sert-il\index.html,APL,NON,OUI,OUI
impot\simulateur-impots-gratuit-a-quoi-sert-il.html,APL,NON,OUI,OUI
impot\tranches-d-impot-2026\index.html,APL,NON,OUI,OUI
impot\tranches-d-impot-2026.html,APL,NON,OUI,OUI
impot.html,APL,NON,OUI,OUI
methodologie.html,APL,NON,OUI,OUI
notaire.html,APL,NON,OUI,OUI
plusvalue\abattement-pour-duree-de-detention\index.html,APL,NON,OUI,OUI
plusvalue\abattement-pour-duree-de-detention.html,APL,NON,OUI,OUI
plusvalue\calcul-plus-value-immobiliere\index.html,APL,NON,OUI,OUI
plusvalue\calcul-plus-value-immobiliere.html,APL,NON,OUI,OUI
plusvalue\comment-reduire-la-plus-value-immobiliere\index.html,APL,NON,OUI,OUI
plusvalue\comment-reduire-la-plus-value-immobiliere.html,APL,NON,OUI,OUI
plusvalue\exoneration-plus-value-residence-principale\index.html,APL,NON,OUI,OUI
plusvalue\exoneration-plus-value-residence-principale.html,APL,NON,OUI,OUI
plusvalue\index.html,APL,NON,OUI,OUI
plusvalue\notaire-et-plus-value-immobiliere\index.html,APL,NON,OUI,OUI
plusvalue\notaire-et-plus-value-immobiliere.html,APL,NON,OUI,OUI
plusvalue\plus-value-et-donation\index.html,APL,NON,OUI,OUI
plusvalue\plus-value-et-donation.html,APL,NON,OUI,OUI
plusvalue\plus-value-et-succession\index.html,APL,NON,OUI,OUI
plusvalue\plus-value-et-succession.html,APL,NON,OUI,OUI
plusvalue\plus-value-residence-secondaire\index.html,APL,NON,OUI,OUI
plusvalue\plus-value-residence-secondaire.html,APL,NON,OUI,OUI
plusvalue\plus-value-sur-terrain\index.html,APL,NON,OUI,OUI
plusvalue\plus-value-sur-terrain.html,APL,NON,OUI,OUI
plusvalue\simulateur-plus-value-immobiliere\index.html,APL,NON,OUI,OUI
plusvalue\simulateur-plus-value-immobiliere.html,APL,NON,OUI,OUI
plusvalue.html,APL,NON,OUI,OUI
ponts.html,APL,OUI,NON,OUI
pret\assurance-emprunteur-comment-estimer-son-cout\index.html,APL,NON,OUI,OUI
pret\assurance-emprunteur-comment-estimer-son-cout.html,APL,NON,OUI,OUI
pret\calcul-du-taux-d-endettement\index.html,APL,NON,OUI,OUI
pret\calcul-du-taux-d-endettement.html,APL,NON,OUI,OUI
pret\capacite-d-emprunt-comment-la-calculer\index.html,APL,NON,OUI,OUI
pret\capacite-d-emprunt-comment-la-calculer.html,APL,NON,OUI,OUI
pret\cout-total-d-un-pret-immobilier\index.html,APL,NON,OUI,OUI
pret\cout-total-d-un-pret-immobilier.html,APL,NON,OUI,OUI
pret\credit-immobilier-refuse-que-faire\index.html,APL,NON,OUI,OUI
pret\credit-immobilier-refuse-que-faire.html,APL,NON,OUI,OUI
pret\duree-ideale-d-un-pret-immobilier\index.html,APL,NON,OUI,OUI
pret\duree-ideale-d-un-pret-immobilier.html,APL,NON,OUI,OUI
pret\index.html,APL,NON,OUI,OUI
pret\mensualite-de-pret-immobilier-comment-l-estimer\index.html,APL,NON,OUI,OUI
pret\mensualite-de-pret-immobilier-comment-l-estimer.html,APL,NON,OUI,OUI
pret\pret-immobilier-sans-apport-est-ce-possible\index.html,APL,NON,OUI,OUI
pret\pret-immobilier-sans-apport-est-ce-possible.html,APL,NON,OUI,OUI
pret\pret-immobilier-seul-ou-a-deux-quelle-difference\index.html,APL,NON,OUI,OUI
pret\pret-immobilier-seul-ou-a-deux-quelle-difference.html,APL,NON,OUI,OUI
pret\pret-primo-accedant-specificites\index.html,APL,NON,OUI,OUI
pret\pret-primo-accedant-specificites.html,APL,NON,OUI,OUI
pret\ptz-conditions-principales\index.html,APL,NON,OUI,OUI
pret\ptz-conditions-principales.html,APL,NON,OUI,OUI
pret\quel-salaire-pour-emprunter-200-000\index.html,APL,NON,OUI,OUI
pret\quel-salaire-pour-emprunter-200-000.html,APL,NON,OUI,OUI
pret\quel-salaire-pour-emprunter-300-000\index.html,APL,NON,OUI,OUI
pret\quel-salaire-pour-emprunter-300-000.html,APL,NON,OUI,OUI
pret\simulateur-de-pret-immobilier-gratuit-pourquoi-l-utiliser\index.html,APL,NON,OUI,OUI
pret\simulateur-de-pret-immobilier-gratuit-pourquoi-l-utiliser.html,APL,NON,OUI,OUI
pret\taux-immobilier-2026-a-quoi-s-attendre\index.html,APL,NON,OUI,OUI
pret\taux-immobilier-2026-a-quoi-s-attendre.html,APL,NON,OUI,OUI
pret.html,APL,NON,OUI,OUI
prime-activite.html,APL,NON,OUI,OUI
rsa\combien-touche-t-on-au-rsa\index.html,APL,NON,OUI,OUI
rsa\combien-touche-t-on-au-rsa.html,APL,NON,OUI,OUI
rsa\index.html,APL,NON,OUI,OUI
rsa\qui-a-droit-au-rsa\index.html,APL,NON,OUI,OUI
rsa\qui-a-droit-au-rsa.html,APL,NON,OUI,OUI
rsa\rsa-auto-entrepreneur\index.html,APL,NON,OUI,OUI
rsa\rsa-auto-entrepreneur.html,APL,NON,OUI,OUI
rsa\rsa-chomage-fin-de-droits\index.html,APL,NON,OUI,OUI
rsa\rsa-chomage-fin-de-droits.html,APL,NON,OUI,OUI
rsa\rsa-conditions-2026\index.html,APL,NON,OUI,OUI
rsa\rsa-conditions-2026.html,APL,NON,OUI,OUI
rsa\rsa-couple-avec-enfant\index.html,APL,NON,OUI,OUI
rsa\rsa-couple-avec-enfant.html,APL,NON,OUI,OUI
rsa\rsa-couple-sans-enfant\index.html,APL,NON,OUI,OUI
rsa\rsa-couple-sans-enfant.html,APL,NON,OUI,OUI
rsa\rsa-et-apl-cumul\index.html,APL,NON,OUI,OUI
rsa\rsa-et-apl-cumul.html,APL,NON,OUI,OUI
rsa\rsa-hebergement-gratuit\index.html,APL,NON,OUI,OUI
rsa\rsa-hebergement-gratuit.html,APL,NON,OUI,OUI
rsa\rsa-interim\index.html,APL,NON,OUI,OUI
rsa\rsa-interim.html,APL,NON,OUI,OUI
rsa\rsa-jeune-moins-de-25-ans\index.html,APL,NON,OUI,OUI
rsa\rsa-jeune-moins-de-25-ans.html,APL,NON,OUI,OUI
rsa\rsa-logement-social\index.html,APL,NON,OUI,OUI
rsa\rsa-logement-social.html,APL,NON,OUI,OUI
rsa\rsa-personne-seule-montant\index.html,APL,NON,OUI,OUI
rsa\rsa-personne-seule-montant.html,APL,NON,OUI,OUI
rsa\rsa-sans-logement\index.html,APL,NON,OUI,OUI
rsa\rsa-sans-logement.html,APL,NON,OUI,OUI
rsa\rsa-travail-a-temps-partiel\index.html,APL,NON,OUI,OUI
rsa\rsa-travail-a-temps-partiel.html,APL,NON,OUI,OUI
rsa.html,APL,NON,OUI,OUI
salaire\calcul-salaire-brut-net\index.html,APL,NON,OUI,OUI
salaire\calcul-salaire-brut-net.html,APL,NON,OUI,OUI
salaire\index.html,APL,NON,OUI,OUI
salaire-seo.html,APL,NON,OUI,OUI
salaire.html,APL,NON,OUI,OUI
simulateurs\aide-financiere-famille\index.html,APL,NON,OUI,OUI
simulateurs\aide-financiere-famille.html,APL,NON,OUI,OUI
simulateurs\aide-sociale-simulation-globale\index.html,APL,NON,OUI,OUI
simulateurs\aide-sociale-simulation-globale.html,APL,NON,OUI,OUI
simulateurs\aides-jeunes-actifs\index.html,APL,NON,OUI,OUI
simulateurs\aides-jeunes-actifs.html,APL,NON,OUI,OUI
simulateurs\aides-retraites\index.html,APL,OUI,NON,OUI
simulateurs\aides-retraites.html,APL,OUI,NON,OUI
simulateurs\cumul-aides-sociales\index.html,APL,NON,OUI,OUI
simulateurs\cumul-aides-sociales.html,APL,NON,OUI,OUI
simulateurs\index.html,APL,NON,OUI,OUI
simulateurs\quelles-aides-ai-je-droit\index.html,APL,OUI,NON,OUI
simulateurs\quelles-aides-ai-je-droit.html,APL,OUI,NON,OUI
simulateurs.html,APL,NON,OUI,OUI
sources.html,APL,NON,OUI,OUI
taxe\index.html,APL,NON,OUI,OUI
taxe-fonciere\comment-connaitre-la-valeur-locative-cadastrale\index.html,APL,NON,OUI,OUI
taxe-fonciere\comment-connaitre-la-valeur-locative-cadastrale.html,APL,NON,OUI,OUI
taxe-fonciere\comment-contester-sa-taxe-fonciere\index.html,APL,NON,OUI,OUI
taxe-fonciere\comment-contester-sa-taxe-fonciere.html,APL,NON,OUI,OUI
taxe-fonciere\comment-est-calculee-la-taxe-fonciere\index.html,APL,NON,OUI,OUI
taxe-fonciere\comment-est-calculee-la-taxe-fonciere.html,APL,NON,OUI,OUI
taxe-fonciere\estimation-taxe-fonciere-comment-faire\index.html,APL,NON,OUI,OUI
taxe-fonciere\estimation-taxe-fonciere-comment-faire.html,APL,NON,OUI,OUI
taxe-fonciere\exoneration-taxe-fonciere-handicap\index.html,APL,NON,OUI,OUI
taxe-fonciere\exoneration-taxe-fonciere-handicap.html,APL,NON,OUI,OUI
taxe-fonciere\exoneration-taxe-fonciere-pour-retraite\index.html,APL,NON,OUI,OUI
taxe-fonciere\exoneration-taxe-fonciere-pour-retraite.html,APL,NON,OUI,OUI
taxe-fonciere\index.html,APL,NON,OUI,OUI
taxe-fonciere\pourquoi-la-taxe-fonciere-augmente\index.html,APL,NON,OUI,OUI
taxe-fonciere\pourquoi-la-taxe-fonciere-augmente.html,APL,NON,OUI,OUI
taxe-fonciere\quelle-surface-est-prise-en-compte-pour-la-taxe-fonciere\index.html,APL,NON,OUI,OUI
taxe-fonciere\quelle-surface-est-prise-en-compte-pour-la-taxe-fonciere.html,APL,NON,OUI,OUI
taxe-fonciere\qui-paie-la-taxe-fonciere\index.html,APL,NON,OUI,OUI
taxe-fonciere\qui-paie-la-taxe-fonciere.html,APL,NON,OUI,OUI
taxe-fonciere\taxe-fonciere-et-achat-en-cours-d-annee\index.html,APL,NON,OUI,OUI
taxe-fonciere\taxe-fonciere-et-achat-en-cours-d-annee.html,APL,NON,OUI,OUI
taxe-fonciere\taxe-fonciere-locataire-ou-proprietaire\index.html,APL,NON,OUI,OUI
taxe-fonciere\taxe-fonciere-locataire-ou-proprietaire.html,APL,NON,OUI,OUI
taxe-fonciere\taxe-fonciere-logement-neuf\index.html,APL,NON,OUI,OUI
taxe-fonciere\taxe-fonciere-logement-neuf.html,APL,NON,OUI,OUI
taxe-fonciere\taxe-fonciere-par-ville-est-ce-fiable\index.html,APL,NON,OUI,OUI
taxe-fonciere\taxe-fonciere-par-ville-est-ce-fiable.html,APL,NON,OUI,OUI
taxe-fonciere\taxe-fonciere-residence-secondaire\index.html,APL,NON,OUI,OUI
taxe-fonciere\taxe-fonciere-residence-secondaire.html,APL,NON,OUI,OUI
taxe-fonciere\valeur-locative-cadastrale-definition-simple\index.html,APL,NON,OUI,OUI
taxe-fonciere\valeur-locative-cadastrale-definition-simple.html,APL,NON,OUI,OUI
taxe.html,APL,NON,OUI,OUI
travail\index.html,APL,NON,OUI,OUI
travail.html,APL,NON,OUI,OUI