fichier,howto_added,breadcrumb_added,internal_links_added,status
aah.html,OUI,OUI,OUI,OK
apl-dom-tom.html,OUI,OUI,OUI,OK
apl-etudiant.html,OUI,OUI,OUI,OK
apl-zones.html,OUI,OUI,OUI,OK
apl.html,OUI,OUI,OUI,OK
are.html,OUI,OUI,OUI,OK
asf.html,OUI,OUI,OUI,OK
blog.html,OUI,OUI,OUI,OK
charges.html,OUI,OUI,OUI,OK
comment-calculer-frais-notaire.html,OUI,OUI,OUI,OK
comment-calculer-plus-value.html,OUI,OUI,OUI,OK
crypto-bourse.html,OUI,OUI,OUI,OK
financement.html,OUI,OUI,OUI,OK
ik.html,OUI,NON,OUI,OK
impot.html,OUI,OUI,OUI,OK
methodologie.html,OUI,OUI,OUI,OK
notaire.html,NON,OUI,OUI,OK
plusvalue.html,NON,NON,OUI,OK
ponts.html,OUI,OUI,OUI,OK
pret.html,OUI,NON,OUI,OK
prime-activite.html,OUI,OUI,OUI,OK
rsa.html,OUI,OUI,OUI,OK
salaire-seo.html,OUI,OUI,OUI,OK
salaire.html,OUI,OUI,OUI,OK
simulateurs.html,OUI,OUI,OUI,OK
sources.html,OUI,OUI,OUI,OK
taxe.html,OUI,NON,OUI,OK
travail.html,OUI,NON,OUI,OK
aah\index.html,OUI,OUI,OUI,OK
aide\aide-financiere-famille.html,OUI,OUI,OUI,OK
aide\aide-logement-proprietaire.html,OUI,OUI,OUI,OK
aide\aide-sociale-simulation-globale.html,OUI,OUI,OUI,OK
aide\aides-etudiants.html,OUI,OUI,OUI,OK
aide\aides-jeunes-actifs.html,OUI,OUI,OUI,OK
aide\aides-retraites.html,OUI,OUI,OUI,OK
aide\allocation-logement-simulation.html,OUI,OUI,OUI,OK
aide\cumul-aides-sociales.html,OUI,OUI,OUI,OK
aide\index.html,OUI,OUI,OUI,OK
aide\quelles-aides-ai-je-droit.html,OUI,OUI,OUI,OK
aide\simulation-aides-caf.html,OUI,OUI,OUI,OK
aide\aide-financiere-famille\index.html,OUI,OUI,OUI,OK
aide\aide-logement-proprietaire\index.html,OUI,OUI,OUI,OK
aide\aide-sociale-simulation-globale\index.html,OUI,OUI,OUI,OK
aide\aides-etudiants\index.html,OUI,OUI,OUI,OK
aide\aides-jeunes-actifs\index.html,OUI,OUI,OUI,OK
aide\aides-retraites\index.html,OUI,OUI,OUI,OK
aide\allocation-logement-simulation\index.html,OUI,OUI,OUI,OK
aide\cumul-aides-sociales\index.html,OUI,OUI,OUI,OK
aide\quelles-aides-ai-je-droit\index.html,OUI,OUI,OUI,OK
aide\simulation-aides-caf\index.html,OUI,OUI,OUI,OK
apl\apl-colocation.html,OUI,OUI,OUI,OK
apl\apl-proprietaire-ai-je-droit.html,OUI,OUI,OUI,OK
apl\apl-refusee-que-faire.html,OUI,OUI,OUI,OK
apl\comment-savoir-si-un-logement-est-eligible-aux-apl.html,OUI,OUI,OUI,OK
apl\index.html,OUI,OUI,OUI,OK
apl\quelles-ressources-pour-l-apl.html,OUI,OUI,OUI,OK
apl\apl-colocation\index.html,OUI,OUI,OUI,OK
apl\apl-proprietaire-ai-je-droit\index.html,OUI,OUI,OUI,OK
apl\apl-refusee-que-faire\index.html,OUI,OUI,OUI,OK
apl\comment-savoir-si-un-logement-est-eligible-aux-apl\index.html,OUI,OUI,OUI,OK
apl\quelles-ressources-pour-l-apl\index.html,OUI,OUI,OUI,OK
are\index.html,OUI,OUI,OUI,OK
asf\index.html,OUI,OUI,OUI,OK
blog\export-pdf-calculateurs.html,OUI,OUI,OUI,OK
blog\frais-notaire-ancien-neuf-2026.html,OUI,OUI,OUI,OK
blog\frais-notaire-departements.html,OUI,OUI,OUI,OK
blog\inflation-cout-vie-2026.html,OUI,OUI,OUI,OK
blog\revalorisation-smic-2026.html,OUI,OUI,OUI,OK
blog\salarie-ou-auto-entrepreneur-2026.html,OUI,OUI,OUI,OK
blog\departements\frais-notaire-01.html,OUI,OUI,OUI,OK
blog\departements\frais-notaire-02.html,OUI,OUI,OUI,OK
blog\departements\frais-notaire-03.html,OUI,OUI,OUI,OK
blog\departements\frais-notaire-04.html,OUI,OUI,OUI,OK
blog\departements\frais-notaire-05.html,OUI,OUI,OUI,OK
blog\departements\frais-notaire-06.html,OUI,OUI,OUI,OK
blog\departements\frais-notaire-07.html,OUI,OUI,OUI,OK
blog\departements\frais-notaire-08.html,OUI,OUI,OUI,OK
blog\departements\frais-notaire-09.html,OUI,OUI,OUI,OK
blog\departements\frais-notaire-10.html,OUI,OUI,OUI,OK
blog\departements\frais-notaire-11.html,OUI,OUI,OUI,OK
blog\departements\frais-notaire-12.html,OUI,OUI,OUI,OK
blog\departements\frais-notaire-13.html,OUI,OUI,OUI,OK
blog\departements\frais-notaire-14.html,OUI,OUI,OUI,OK
blog\departements\frais-notaire-15.html,OUI,OUI,OUI,OK
blog\departements\frais-notaire-16.html,OUI,OUI,OUI,OK
blog\departements\frais-notaire-17.html,OUI,OUI,OUI,OK
blog\departements\frais-notaire-18.html,OUI,OUI,OUI,OK
blog\departements\frais-notaire-19.html,OUI,OUI,OUI,OK
blog\departements\frais-notaire-21.html,OUI,OUI,OUI,OK
blog\departements\frais-notaire-22.html,OUI,OUI,OUI,OK
blog\departements\frais-notaire-23.html,OUI,OUI,OUI,OK
blog\departements\frais-notaire-24.html,OUI,OUI,OUI,OK
blog\departements\frais-notaire-25.html,OUI,OUI,OUI,OK
blog\departements\frais-notaire-26.html,OUI,OUI,OUI,OK
blog\departements\frais-notaire-27.html,OUI,OUI,OUI,OK
blog\departements\frais-notaire-28.html,OUI,OUI,OUI,OK
blog\departements\frais-notaire-29.html,OUI,OUI,OUI,OK
blog\departements\frais-notaire-2A.html,OUI,OUI,OUI,OK
blog\departements\frais-notaire-2B.html,OUI,OUI,OUI,OK
blog\departements\frais-notaire-30.html,OUI,OUI,OUI,OK
blog\departements\frais-notaire-31.html,OUI,OUI,OUI,OK
blog\departements\frais-notaire-32.html,OUI,OUI,OUI,OK
blog\departements\frais-notaire-33.html,OUI,OUI,OUI,OK
blog\departements\frais-notaire-34.html,OUI,OUI,OUI,OK
blog\departements\frais-notaire-35.html,OUI,OUI,OUI,OK
blog\departements\frais-notaire-36.html,OUI,OUI,OUI,OK
blog\departements\frais-notaire-37.html,OUI,OUI,OUI,OK
blog\departements\frais-notaire-38.html,OUI,OUI,OUI,OK
blog\departements\frais-notaire-39.html,OUI,OUI,OUI,OK
blog\departements\frais-notaire-40.html,OUI,OUI,OUI,OK
blog\departements\frais-notaire-41.html,OUI,OUI,OUI,OK
blog\departements\frais-notaire-42.html,OUI,OUI,OUI,OK
blog\departements\frais-notaire-43.html,OUI,OUI,OUI,OK
blog\departements\frais-notaire-44.html,OUI,OUI,OUI,OK
blog\departements\frais-notaire-45.html,OUI,OUI,OUI,OK
blog\departements\frais-notaire-46.html,OUI,OUI,OUI,OK
blog\departements\frais-notaire-47.html,OUI,OUI,OUI,OK
blog\departements\frais-notaire-48.html,OUI,OUI,OUI,OK
blog\departements\frais-notaire-49.html,OUI,OUI,OUI,OK
blog\departements\frais-notaire-50.html,OUI,OUI,OUI,OK
blog\departements\frais-notaire-51.html,OUI,OUI,OUI,OK
blog\departements\frais-notaire-52.html,OUI,OUI,OUI,OK
blog\departements\frais-notaire-53.html,OUI,OUI,OUI,OK
blog\departements\frais-notaire-54.html,OUI,OUI,OUI,OK
blog\departements\frais-notaire-55.html,OUI,OUI,OUI,OK
blog\departements\frais-notaire-56.html,OUI,OUI,OUI,OK
blog\departements\frais-notaire-57.html,OUI,OUI,OUI,OK
blog\departements\frais-notaire-58.html,OUI,OUI,OUI,OK
blog\departements\frais-notaire-59.html,OUI,OUI,OUI,OK
blog\departements\frais-notaire-60.html,OUI,OUI,OUI,OK
blog\departements\frais-notaire-61.html,OUI,OUI,OUI,OK
blog\departements\frais-notaire-62.html,OUI,OUI,OUI,OK
blog\departements\frais-notaire-63.html,OUI,OUI,OUI,OK
blog\departements\frais-notaire-64.html,OUI,OUI,OUI,OK
blog\departements\frais-notaire-65.html,OUI,OUI,OUI,OK
blog\departements\frais-notaire-66.html,OUI,OUI,OUI,OK
blog\departements\frais-notaire-67.html,OUI,OUI,OUI,OK
blog\departements\frais-notaire-68.html,OUI,OUI,OUI,OK
blog\departements\frais-notaire-69.html,OUI,OUI,OUI,OK
blog\departements\frais-notaire-70.html,OUI,OUI,OUI,OK
blog\departements\frais-notaire-71.html,OUI,OUI,OUI,OK
blog\departements\frais-notaire-72.html,OUI,OUI,OUI,OK
blog\departements\frais-notaire-73.html,OUI,OUI,OUI,OK
blog\departements\frais-notaire-74.html,OUI,OUI,OUI,OK
blog\departements\frais-notaire-75.html,OUI,OUI,OUI,OK
blog\departements\frais-notaire-76.html,OUI,OUI,OUI,OK
blog\departements\frais-notaire-77.html,OUI,OUI,OUI,OK
blog\departements\frais-notaire-78.html,OUI,OUI,OUI,OK
blog\departements\frais-notaire-79.html,OUI,OUI,OUI,OK
blog\departements\frais-notaire-80.html,OUI,OUI,OUI,OK
blog\departements\frais-notaire-81.html,OUI,OUI,OUI,OK
blog\departements\frais-notaire-82.html,OUI,OUI,OUI,OK
blog\departements\frais-notaire-83.html,OUI,OUI,OUI,OK
blog\departements\frais-notaire-84.html,OUI,OUI,OUI,OK
blog\departements\frais-notaire-85.html,OUI,OUI,OUI,OK
blog\departements\frais-notaire-86.html,OUI,OUI,OUI,OK
blog\departements\frais-notaire-87.html,OUI,OUI,OUI,OK
blog\departements\frais-notaire-88.html,OUI,OUI,OUI,OK
blog\departements\frais-notaire-89.html,OUI,OUI,OUI,OK
blog\departements\frais-notaire-90.html,OUI,OUI,OUI,OK
blog\departements\frais-notaire-91.html,OUI,OUI,OUI,OK
blog\departements\frais-notaire-92.html,OUI,OUI,OUI,OK
blog\departements\frais-notaire-93.html,OUI,OUI,OUI,OK
blog\departements\frais-notaire-94.html,OUI,OUI,OUI,OK
blog\departements\frais-notaire-95.html,OUI,OUI,OUI,OK
blog\departements\frais-notaire-971.html,OUI,OUI,OUI,OK
blog\departements\frais-notaire-972.html,OUI,OUI,OUI,OK
blog\departements\frais-notaire-973.html,OUI,OUI,OUI,OK
blog\departements\frais-notaire-974.html,OUI,OUI,OUI,OK
blog\departements\frais-notaire-975.html,OUI,OUI,OUI,OK
blog\departements\frais-notaire-976.html,OUI,OUI,OUI,OK
charges\index.html,OUI,OUI,OUI,OK
financement\index.html,OUI,OUI,OUI,OK
ik\index.html,OUI,NON,OUI,OK
impot\calcul-impot-sur-le-revenu.html,OUI,OUI,OUI,OK
impot\charges-deductibles-des-impots.html,OUI,OUI,OUI,OK
impot\heures-supplementaires-comment-les-calculer.html,OUI,OUI,OUI,OK
impot\impot-auto-entrepreneur.html,OUI,OUI,OUI,OK
impot\impot-couple-ou-separe.html,OUI,OUI,OUI,OK
impot\indemnites-kilometriques-calcul.html,OUI,OUI,OUI,OK
impot\index.html,OUI,OUI,OUI,OK
impot\revenu-fiscal-de-reference-definition.html,OUI,OUI,OUI,OK
impot\simulateur-impots-gratuit-a-quoi-sert-il.html,OUI,OUI,OUI,OK
impot\tranches-d-impot-2026.html,OUI,OUI,OUI,OK
impot\calcul-impot-sur-le-revenu\index.html,OUI,OUI,OUI,OK
impot\charges-deductibles-des-impots\index.html,OUI,OUI,OUI,OK
impot\heures-supplementaires-comment-les-calculer\index.html,OUI,OUI,OUI,OK
impot\impot-auto-entrepreneur\index.html,OUI,OUI,OUI,OK
impot\impot-couple-ou-separe\index.html,OUI,OUI,OUI,OK
impot\indemnites-kilometriques-calcul\index.html,OUI,OUI,OUI,OK
impot\revenu-fiscal-de-reference-definition\index.html,OUI,OUI,OUI,OK
impot\simulateur-impots-gratuit-a-quoi-sert-il\index.html,OUI,OUI,OUI,OK
impot\tranches-d-impot-2026\index.html,OUI,OUI,OUI,OK
plusvalue\abattement-pour-duree-de-detention.html,OUI,OUI,OUI,OK
plusvalue\calcul-plus-value-immobiliere.html,OUI,OUI,OUI,OK
plusvalue\comment-reduire-la-plus-value-immobiliere.html,OUI,OUI,OUI,OK
plusvalue\exoneration-plus-value-residence-principale.html,OUI,OUI,OUI,OK
plusvalue\index.html,NON,NON,OUI,OK
plusvalue\notaire-et-plus-value-immobiliere.html,OUI,OUI,OUI,OK
plusvalue\plus-value-et-donation.html,OUI,OUI,OUI,OK
plusvalue\plus-value-et-succession.html,OUI,OUI,OUI,OK
plusvalue\plus-value-residence-secondaire.html,OUI,OUI,OUI,OK
plusvalue\plus-value-sur-terrain.html,OUI,OUI,OUI,OK
plusvalue\simulateur-plus-value-immobiliere.html,OUI,OUI,OUI,OK
plusvalue\abattement-pour-duree-de-detention\index.html,OUI,OUI,OUI,OK
plusvalue\calcul-plus-value-immobiliere\index.html,OUI,OUI,OUI,OK
plusvalue\comment-reduire-la-plus-value-immobiliere\index.html,OUI,OUI,OUI,OK
plusvalue\exoneration-plus-value-residence-principale\index.html,OUI,OUI,OUI,OK
plusvalue\notaire-et-plus-value-immobiliere\index.html,OUI,OUI,OUI,OK
plusvalue\plus-value-et-donation\index.html,OUI,OUI,OUI,OK
plusvalue\plus-value-et-succession\index.html,OUI,OUI,OUI,OK
plusvalue\plus-value-residence-secondaire\index.html,OUI,OUI,OUI,OK
plusvalue\plus-value-sur-terrain\index.html,OUI,OUI,OUI,OK
plusvalue\simulateur-plus-value-immobiliere\index.html,OUI,OUI,OUI,OK
pret\assurance-emprunteur-comment-estimer-son-cout.html,OUI,OUI,OUI,OK
pret\calcul-du-taux-d-endettement.html,OUI,OUI,OUI,OK
pret\capacite-d-emprunt-comment-la-calculer.html,OUI,OUI,OUI,OK
pret\cout-total-d-un-pret-immobilier.html,OUI,OUI,OUI,OK
pret\credit-immobilier-refuse-que-faire.html,OUI,OUI,OUI,OK
pret\duree-ideale-d-un-pret-immobilier.html,OUI,OUI,OUI,OK
pret\index.html,OUI,NON,OUI,OK
pret\mensualite-de-pret-immobilier-comment-l-estimer.html,OUI,OUI,OUI,OK
pret\pret-immobilier-sans-apport-est-ce-possible.html,OUI,OUI,OUI,OK
pret\pret-immobilier-seul-ou-a-deux-quelle-difference.html,OUI,OUI,OUI,OK
pret\pret-primo-accedant-specificites.html,OUI,OUI,OUI,OK
pret\ptz-conditions-principales.html,OUI,OUI,OUI,OK
pret\quel-salaire-pour-emprunter-200-000.html,OUI,OUI,OUI,OK
pret\quel-salaire-pour-emprunter-300-000.html,OUI,OUI,OUI,OK
pret\simulateur-de-pret-immobilier-gratuit-pourquoi-l-utiliser.html,OUI,OUI,OUI,OK
pret\taux-immobilier-2026-a-quoi-s-attendre.html,OUI,OUI,OUI,OK
pret\assurance-emprunteur-comment-estimer-son-cout\index.html,OUI,OUI,OUI,OK
pret\calcul-du-taux-d-endettement\index.html,OUI,OUI,OUI,OK
pret\capacite-d-emprunt-comment-la-calculer\index.html,OUI,OUI,OUI,OK
pret\cout-total-d-un-pret-immobilier\index.html,OUI,OUI,OUI,OK
pret\credit-immobilier-refuse-que-faire\index.html,OUI,OUI,OUI,OK
pret\duree-ideale-d-un-pret-immobilier\index.html,OUI,OUI,OUI,OK
pret\mensualite-de-pret-immobilier-comment-l-estimer\index.html,OUI,OUI,OUI,OK
pret\pret-immobilier-sans-apport-est-ce-possible\index.html,OUI,OUI,OUI,OK
pret\pret-immobilier-seul-ou-a-deux-quelle-difference\index.html,OUI,OUI,OUI,OK
pret\pret-primo-accedant-specificites\index.html,OUI,OUI,OUI,OK
pret\ptz-conditions-principales\index.html,OUI,OUI,OUI,OK
pret\quel-salaire-pour-emprunter-200-000\index.html,OUI,OUI,OUI,OK
pret\quel-salaire-pour-emprunter-300-000\index.html,OUI,OUI,OUI,OK
pret\simulateur-de-pret-immobilier-gratuit-pourquoi-l-utiliser\index.html,OUI,OUI,OUI,OK
pret\taux-immobilier-2026-a-quoi-s-attendre\index.html,OUI,OUI,OUI,OK
rsa\combien-touche-t-on-au-rsa.html,OUI,OUI,OUI,OK
rsa\index.html,OUI,OUI,OUI,OK
rsa\qui-a-droit-au-rsa.html,OUI,OUI,OUI,OK
rsa\rsa-auto-entrepreneur.html,OUI,OUI,OUI,OK
rsa\rsa-chomage-fin-de-droits.html,OUI,OUI,OUI,OK
rsa\rsa-conditions-2026.html,OUI,OUI,OUI,OK
rsa\rsa-couple-avec-enfant.html,OUI,OUI,OUI,OK
rsa\rsa-couple-sans-enfant.html,OUI,OUI,OUI,OK
rsa\rsa-et-apl-cumul.html,OUI,OUI,OUI,OK
rsa\rsa-hebergement-gratuit.html,OUI,OUI,OUI,OK
rsa\rsa-interim.html,OUI,OUI,OUI,OK
rsa\rsa-jeune-moins-de-25-ans.html,OUI,OUI,OUI,OK
rsa\rsa-logement-social.html,OUI,OUI,OUI,OK
rsa\rsa-personne-seule-montant.html,OUI,OUI,OUI,OK
rsa\rsa-sans-logement.html,OUI,OUI,OUI,OK
rsa\rsa-travail-a-temps-partiel.html,OUI,OUI,OUI,OK
rsa\combien-touche-t-on-au-rsa\index.html,OUI,OUI,OUI,OK
rsa\qui-a-droit-au-rsa\index.html,OUI,OUI,OUI,OK
rsa\rsa-auto-entrepreneur\index.html,OUI,OUI,OUI,OK
rsa\rsa-chomage-fin-de-droits\index.html,OUI,OUI,OUI,OK
rsa\rsa-conditions-2026\index.html,OUI,OUI,OUI,OK
rsa\rsa-couple-avec-enfant\index.html,OUI,OUI,OUI,OK
rsa\rsa-couple-sans-enfant\index.html,OUI,OUI,OUI,OK
rsa\rsa-et-apl-cumul\index.html,OUI,OUI,OUI,OK
rsa\rsa-hebergement-gratuit\index.html,OUI,OUI,OUI,OK
rsa\rsa-interim\index.html,OUI,OUI,OUI,OK
rsa\rsa-jeune-moins-de-25-ans\index.html,OUI,OUI,OUI,OK
rsa\rsa-logement-social\index.html,OUI,OUI,OUI,OK
rsa\rsa-personne-seule-montant\index.html,OUI,OUI,OUI,OK
rsa\rsa-sans-logement\index.html,OUI,OUI,OUI,OK
rsa\rsa-travail-a-temps-partiel\index.html,OUI,OUI,OUI,OK
salaire\calcul-salaire-brut-net.html,OUI,OUI,OUI,OK
salaire\index.html,OUI,OUI,OUI,OK
salaire\calcul-salaire-brut-net\index.html,OUI,OUI,OUI,OK
simulateurs\aide-financiere-famille.html,OUI,OUI,OUI,OK
simulateurs\aide-sociale-simulation-globale.html,OUI,OUI,OUI,OK
simulateurs\aides-jeunes-actifs.html,OUI,OUI,OUI,OK
simulateurs\aides-retraites.html,OUI,OUI,OUI,OK
simulateurs\cumul-aides-sociales.html,OUI,OUI,OUI,OK
simulateurs\index.html,OUI,OUI,OUI,OK
simulateurs\quelles-aides-ai-je-droit.html,OUI,OUI,OUI,OK
simulateurs\aide-financiere-famille\index.html,OUI,OUI,OUI,OK
simulateurs\aide-sociale-simulation-globale\index.html,OUI,OUI,OUI,OK
simulateurs\aides-jeunes-actifs\index.html,OUI,OUI,OUI,OK
simulateurs\aides-retraites\index.html,OUI,OUI,OUI,OK
simulateurs\cumul-aides-sociales\index.html,OUI,OUI,OUI,OK
simulateurs\quelles-aides-ai-je-droit\index.html,OUI,OUI,OUI,OK
taxe\index.html,OUI,NON,OUI,OK
taxe-fonciere\comment-connaitre-la-valeur-locative-cadastrale.html,OUI,OUI,OUI,OK
taxe-fonciere\comment-contester-sa-taxe-fonciere.html,OUI,OUI,OUI,OK
taxe-fonciere\comment-est-calculee-la-taxe-fonciere.html,OUI,OUI,OUI,OK
taxe-fonciere\estimation-taxe-fonciere-comment-faire.html,OUI,OUI,OUI,OK
taxe-fonciere\exoneration-taxe-fonciere-handicap.html,OUI,OUI,OUI,OK
taxe-fonciere\exoneration-taxe-fonciere-pour-retraite.html,OUI,OUI,OUI,OK
taxe-fonciere\index.html,OUI,OUI,OUI,OK
taxe-fonciere\pourquoi-la-taxe-fonciere-augmente.html,OUI,OUI,OUI,OK
taxe-fonciere\quelle-surface-est-prise-en-compte-pour-la-taxe-fonciere.html,OUI,OUI,OUI,OK
taxe-fonciere\qui-paie-la-taxe-fonciere.html,OUI,OUI,OUI,OK
taxe-fonciere\taxe-fonciere-et-achat-en-cours-d-annee.html,OUI,OUI,OUI,OK
taxe-fonciere\taxe-fonciere-locataire-ou-proprietaire.html,OUI,OUI,OUI,OK
taxe-fonciere\taxe-fonciere-logement-neuf.html,OUI,OUI,OUI,OK
taxe-fonciere\taxe-fonciere-par-ville-est-ce-fiable.html,OUI,OUI,OUI,OK
taxe-fonciere\taxe-fonciere-residence-secondaire.html,OUI,OUI,OUI,OK
taxe-fonciere\valeur-locative-cadastrale-definition-simple.html,OUI,OUI,OUI,OK
taxe-fonciere\comment-connaitre-la-valeur-locative-cadastrale\index.html,OUI,OUI,OUI,OK
taxe-fonciere\comment-contester-sa-taxe-fonciere\index.html,OUI,OUI,OUI,OK
taxe-fonciere\comment-est-calculee-la-taxe-fonciere\index.html,OUI,OUI,OUI,OK
taxe-fonciere\estimation-taxe-fonciere-comment-faire\index.html,OUI,OUI,OUI,OK
taxe-fonciere\exoneration-taxe-fonciere-handicap\index.html,OUI,OUI,OUI,OK
taxe-fonciere\exoneration-taxe-fonciere-pour-retraite\index.html,OUI,OUI,OUI,OK
taxe-fonciere\pourquoi-la-taxe-fonciere-augmente\index.html,OUI,OUI,OUI,OK
taxe-fonciere\quelle-surface-est-prise-en-compte-pour-la-taxe-fonciere\index.html,OUI,OUI,OUI,OK
taxe-fonciere\qui-paie-la-taxe-fonciere\index.html,OUI,OUI,OUI,OK
taxe-fonciere\taxe-fonciere-et-achat-en-cours-d-annee\index.html,OUI,OUI,OUI,OK
taxe-fonciere\taxe-fonciere-locataire-ou-proprietaire\index.html,OUI,OUI,OUI,OK
taxe-fonciere\taxe-fonciere-logement-neuf\index.html,OUI,OUI,OUI,OK
taxe-fonciere\taxe-fonciere-par-ville-est-ce-fiable\index.html,OUI,OUI,OUI,OK
taxe-fonciere\taxe-fonciere-residence-secondaire\index.html,OUI,OUI,OUI,OK
taxe-fonciere\valeur-locative-cadastrale-definition-simple\index.html,OUI,OUI,OUI,OK
travail\index.html,OUI,NON,OUI,OK
